CREATE DATABASE pokedex;
USE pokedex;
CREATE TABLE pokemon (
	NAT_NO INT,
	HOENN_NO INT,
	NAME CHAR(60),
	TYPE CHAR(60),
	TYPE2 CHAR(60),
	HP INT,
	ATK INT,
	DEF INT,
	SAT INT,
	SDF INT,
	SPD INT,
	BST INT
);
INSERT INTO pokemon VALUES (387,NULL,"TURTWIG","GRASS",NULL,55,68,64,45,55,31,318),
(388,NULL,"GROTLE","GRASS",NULL,75,89,85,55,65,36,405),
(389,NULL,"TORTERRA","GRASS","GROUND",95,109,105,75,85,56,525),
(390,NULL,"CHIMCHAR","FIRE",NULL,44,58,44,58,44,61,309),
(391,NULL,"MONFERNO","FIRE","FIGHT",64,78,52,78,52,81,405),
(392,NULL,"INFERNAPE","FIRE","FIGHT",76,104,71,104,71,108,534),
(393,NULL,"PIPLUP","WATER",NULL,53,51,53,61,56,40,314),
(394,NULL,"PRINPLUP","WATER",NULL,64,66,68,81,76,50,405),
(395,NULL,"EMPOLEON","WATER","STEEL",84,86,88,111,101,60,530),
(396,NULL,"STARLEY","NORMAL","FLYING",40,55,30,30,30,60,245),
(397,NULL,"STARAVIA","NORMAL","FLYING",55,75,50,40,40,80,340),
(398,NULL,"STARAPTOR","NORMAL","FLYING",85,120,70,50,60,100,485),
(399,NULL,"BIDOOF","NORMAL",NULL,59,45,40,35,40,31,250),
(400,NULL,"BIBAREL","NORMAL","WATER",79,85,60,55,60,71,410),
(401,NULL,"KRICKETOT","BUG",NULL,37,25,41,25,41,25,194),
(402,NULL,"KRICKETUNE","BUG",NULL,77,85,51,55,51,65,384),
(403,NULL,"SHINX","ELECTR",NULL,45,65,34,40,34,45,263),
(404,NULL,"LUXIO","ELECTR",NULL,60,85,49,60,49,60,363),
(405,NULL,"LUXRAY","ELECTR",NULL,80,120,79,95,79,70,523),
(406,97,"BUDEW","GRASS","POISON",40,30,35,50,70,55,280),
(407,99,"ROSERADE","GRASS","POISON",60,70,65,125,105,90,515),
(408,NULL,"CRANIDOS","ROCK",NULL,67,125,40,30,30,58,350),
(409,NULL,"RAMPARDOS","ROCK",NULL,97,165,60,65,50,58,495),
(410,NULL,"SHIELDON","ROCK","STEEL",30,42,118,42,88,30,350),
(411,NULL,"BASTIODON","ROCK","STEEL",60,52,168,47,138,30,495),
(412,NULL,"BURMY","BUG",NULL,40,29,45,29,45,36,224),
(413,NULL,"WORMADAM","BUG","GRASS",60,59,85,79,105,36,424),
(413,NULL,"WORMADAM","BUG","GROUND",60,79,105,59,85,36,424),
(413,NULL,"WORMADAM","BUG","STEEL",60,69,95,69,95,36,424),
(414,NULL,"MOTHIM","BUG","FLYING",70,94,50,94,50,66,424),
(415,NULL,"COMBEE","BUG","FLYING",30,30,42,30,42,70,244),
(416,NULL,"VESPIQUEN","BUG","FLYING",70,80,102,80,102,40,474),
(417,NULL,"PACHIRISU","ELECTR",NULL,60,45,70,45,90,95,405),
(418,NULL,"BUIZEL","WATER",NULL,55,65,35,60,30,85,330),
(419,NULL,"FLOATZEL","WATER",NULL,85,105,55,85,50,115,495),
(420,NULL,"CHERUBI","GRASS",NULL,45,35,45,62,53,35,275),
(421,NULL,"CHERRIM","GRASS",NULL,70,60,70,87,78,85,450),
(421,NULL,"CHERRIM","GRASS",NULL,70,60,70,87,78,85,450),
(422,NULL,"SHELLOS","WATER",NULL,76,48,48,57,62,34,325),
(423,NULL,"GASTRODON","WATER","GROUND",111,83,68,92,82,39,475),
(424,NULL,"AMBIPOM","NORMAL",NULL,75,100,66,60,66,115,482),
(425,NULL,"DRIFLOON","GHOST","FLYING",90,50,34,60,44,70,348),
(426,NULL,"DRIFBLIM","GHOST","FLYING",150,80,44,90,54,80,498),
(427,NULL,"BUNEARY","NORMAL",NULL,55,66,44,44,56,85,350),
(428,NULL,"LOPUNNY","NORMAL",NULL,65,76,84,54,96,105,480),
(428,NULL,"MEGA LOPUNNY","NORMAL","FIGHT",65,136,94,54,96,135,580),
(429,NULL,"MISMAGIUS","GHOST",NULL,60,60,60,105,105,105,495),
(430,NULL,"HONCHKROW","DARK","FLYING",100,125,52,105,52,71,505),
(431,NULL,"GLAMEOW","NORMAL",NULL,49,55,42,42,37,85,310),
(432,NULL,"PURUGLY","NORMAL",NULL,71,82,64,64,59,112,452),
(433,157,"CHINGLING","PSYCHC",NULL,45,30,50,65,50,45,265),
(434,NULL,"STUNKY","POISON","DARK",63,63,47,41,41,74,329),
(435,NULL,"SKUNTANK","POISON","DARK",103,93,67,71,61,84,479),
(436,NULL,"BRONZOR","STEEL","PSYCHC",57,24,86,24,86,23,300),
(437,NULL,"BRONZONG","STEEL","PSYCHC",67,89,116,79,116,33,500),
(438,NULL,"BONSLY","ROCK",NULL,50,80,95,10,45,10,290),
(439,NULL,"MIME JR.","PSYCHC","FAIRY",20,25,45,70,90,60,310),
(440,NULL,"HAPPINY","NORMAL",NULL,100,5,5,15,65,30,220),
(441,NULL,"CHATOT","NORMAL","FLYING",76,65,45,92,42,91,411),
(442,NULL,"SPIRITOMB","GHOST","DARK",50,92,108,92,108,35,485),
(443,NULL,"GIBLE","DRAGON","GROUND",58,70,45,40,45,42,300),
(444,NULL,"GABITE","DRAGON","GROUND",68,90,65,50,55,82,410),
(445,NULL,"GARCHOMP","DRAGON","GROUND",108,130,95,80,85,102,600),
(445,NULL,"MEGA GARCHOMP","DRAGON","GROUND",108,170,115,120,95,92,700),
(446,NULL,"MUNCHLAX","NORMAL",NULL,135,85,40,40,85,5,390),
(447,NULL,"RIOLU","FIGHT",NULL,40,70,40,35,40,60,285),
(448,NULL,"LUCARIO","FIGHT","STEEL",70,110,70,115,70,90,525),
(448,NULL,"MEGA LUCARIO","FIGHT","STEEL",70,145,88,140,70,112,625),
(449,NULL,"HIPPOPOTAS","GROUND",NULL,68,72,78,38,42,32,330),
(450,NULL,"HIPPOWDON","GROUND",NULL,108,112,118,68,72,47,525),
(451,NULL,"SKORUPI","POISON","BUG",40,50,90,30,55,65,330),
(452,NULL,"DRAPION","POISON","DARK",70,90,110,60,75,95,500),
(453,NULL,"CROAGUNK","POISON","FIGHT",48,61,40,61,40,50,300),
(454,NULL,"TOXICROAK","POISON","FIGHT",83,106,65,86,65,85,490),
(455,NULL,"CARNIVINE","GRASS",NULL,74,100,72,90,72,46,454),
(456,NULL,"FINNEON","WATER",NULL,49,49,56,49,61,66,330),
(457,NULL,"LUMINEON","WATER",NULL,69,69,76,69,86,91,460),
(458,NULL,"MANTYKE","WATER","FLYING",45,20,50,60,120,50,345),
(459,NULL,"SNOVER","GRASS","ICE",60,62,50,62,60,40,334),
(460,NULL,"ABOMASNOW","GRASS","ICE",90,92,75,92,85,60,494),
(460,NULL,"MEGA ABOMASNOW","GRASS","ICE",90,132,105,132,105,30,594),
(461,NULL,"WEAVILE","DARK","ICE",70,120,65,45,85,125,510),
(462,86,"MAGNEZONE","ELECTR","STEEL",70,70,115,130,90,60,535),
(463,NULL,"LICKILICKY","NORMAL",NULL,110,85,95,80,95,50,515),
(464,178,"RHYPERIOR","GROUND","ROCK",115,140,130,55,55,40,535),
(465,NULL,"TANGROWTH","GRASS",NULL,100,100,125,110,50,50,535),
(466,NULL,"ELECTIVIRE","ELECTR",NULL,75,123,67,95,85,95,540),
(467,NULL,"MAGMORTAR","FIRE",NULL,75,95,67,125,95,83,540),
(468,NULL,"TOGEKISS","FAIRY","FLYING",85,50,95,120,115,80,545),
(469,NULL,"YANMEGA","BUG","FLYING",86,76,86,116,56,95,515),
(470,NULL,"LEAFEON","GRASS",NULL,65,110,130,60,65,95,525),
(471,NULL,"GLACEON","ICE",NULL,65,60,110,130,95,65,525),
(472,NULL,"GLISCOR","GROUND","FLYING",75,95,125,45,75,95,510),
(473,NULL,"MAMOSWINE","ICE","GROUND",110,130,80,70,60,80,530),
(474,NULL,"PORYGON-Z","NORMAL",NULL,85,80,70,135,75,90,535),
(475,32,"GALLADE","PSYCHC","FIGHT",68,125,65,65,115,80,518),
(475,32,"MEGA GALLADE","PSYCHC","FIGHT",68,165,95,65,115,110,618),
(476,62,"PROBOPASS","ROCK","STEEL",60,55,145,75,150,40,525),
(477,155,"DUSKNOIR","GHOST",NULL,45,100,135,65,135,45,525),
(478,181,"FROSLASS","ICE","GHOST",70,80,70,80,70,110,480),
(479,NULL,"ROTOM","ELECTR","GHOST",50,50,77,95,77,91,440),
(479,NULL,"HEAT ROTOM","ELECTR","FIRE",50,65,107,105,107,86,520),
(479,NULL,"WASH ROTOM","ELECTR","WATER",50,65,107,105,107,86,520),
(479,NULL,"FROST ROTOM","ELECTR","ICE",50,65,107,105,107,86,520),
(479,NULL,"FAN ROTOM","ELECTR","FLYING",50,65,107,105,107,86,520),
(479,NULL,"MOW ROTOM","ELECTR","GRASS",50,65,107,105,107,86,520),
(480,NULL,"UXIE","PSYCHC",NULL,75,75,130,75,130,95,580),
(481,NULL,"MESPRIT","PSYCHC",NULL,80,105,105,105,105,80,580),
(482,NULL,"AZELF","PSYCHC",NULL,75,125,70,125,70,115,580),
(483,NULL,"DIALGA","STEEL","DRAGON",100,120,120,150,100,90,680),
(484,NULL,"PALKIA","WATER","DRAGON",90,120,100,150,120,100,680),
(485,NULL,"HEATRAN","FIRE","STEEL",91,90,106,130,106,77,600),
(486,NULL,"REGIGIGAS","NORMAL",NULL,110,160,110,80,110,100,670),
(487,NULL,"GIRATINA","GHOST","DRAGON",150,100,120,100,120,90,680),
(487,NULL,"GIRATINA","GHOST","DRAGON",150,120,100,120,100,90,680);
CREATE TABLE type (
	TYPE CHAR(60)
);
INSERT INTO type VALUES ("NORMAL"),
("FIGHTING"),
("FLYING"),
("POISON"),
("GROUND"),
("ROCK"),
("BUG"),
("GHOST"),
("STEEL"),
("FIRE"),
("WATER"),
("GRASS"),
("ELECTR"),
("PSYCHC"),
("ICE"),
("DRAGON"),
("FAIRY"),
("DARK");
CREATE TABLE strong_against (
	TYPE CHAR(60),
	TYPE2 CHAR(60)
);
INSERT INTO strong_against VALUES ("NORMAL",NULL),
("FIGHTING","NORMAL"),
("FIGHTING","ROCK"),
("FIGHTING","STEEL"),
("FIGHTING","ICE"),
("FIGHTING","DARK"),
("FLYING","FIGHTING"),
("FLYING","BUG"),
("FLYING","GRASS"),
("POISON","GRASS"),
("POISON","FAIRY"),
("GROUND","POISON"),
("GROUND","ROCK"),
("GROUND","STEEL"),
("GROUND","FIRE"),
("GROUND","ELECTR"),
("ROCK","FLYING"),
("ROCK","BUG"),
("ROCK","FIRE"),
("ROCK","ICE"),
("BUG","GRASS"),
("BUG","PSYCHC"),
("BUG","DARK"),
("GHOST","GHOST"),
("GHOST","PSYCHC"),
("STEEL","ROCK"),
("STEEL","ICE"),
("STEEL","FAIRY"),
("FIRE","BUG"),
("FIRE","STEEL"),
("FIRE","GRASS"),
("FIRE","ICE"),
("WATER","GROUND"),
("WATER","ROCK"),
("WATER","FIRE"),
("GRASS","GROUND"),
("GRASS","ROCK"),
("GRASS","WATER"),
("ELECTR","FLYING"),
("ELECTR","WATER"),
("PSYCHC","FIGHTING"),
("PSYCHC","WATER"),
("ICE","FLYING"),
("ICE","GROUND"),
("ICE","GRASS"),
("ICE","DRAGON"),
("DRAGON","DRAGON"),
("FAIRY","FIGHTING"),
("FAIRY","DRAGON"),
("FAIRY","DARK"),
("DARK","GHOST"),
("DARK","PSYCHC");
CREATE TABLE weak_against (
	TYPE CHAR(60),
	TYPE2 CHAR(60)
);
INSERT INTO weak_against VALUES ("NORMAL","ROCK"),
("NORMAL","GHOST"),
("NORMAL","STEEL"),
("FIGHTING","FLYING"),
("FIGHTING","POISON"),
("FIGHTING","PSYCHC"),
("FIGHTING","BUG"),
("FIGHTING","GHOST"),
("FIGHTING","FAIRY"),
("FLYING","ROCK"),
("FLYING","STEEL"),
("FLYING","ELECTR"),
("POISON","POISON"),
("POISON","GROUND"),
("POISON","ROCK"),
("POISON","GHOST"),
("POISON","STEEL"),
("GROUND","FLYING"),
("GROUND","BUG"),
("GROUND","GRASS"),
("ROCK","FIGHTING"),
("ROCK","GROUND"),
("ROCK","STEEL"),
("BUG","FIGHTING"),
("BUG","FLYING"),
("BUG","POISON"),
("BUG","GHOST"),
("BUG","STEEL"),
("BUG","FIRE"),
("BUG","FAIRY"),
("GHOST","NORMAL"),
("GHOST","DARK"),
("STEEL","STEEL"),
("STEEL","FIRE"),
("STEEL","WATER"),
("STEEL","ELECTR"),
("FIRE","ROCK"),
("FIRE","FIRE"),
("FIRE","WATER"),
("FIRE","DRAGON"),
("WATER","WATER"),
("WATER","GRASS"),
("WATER","DRAGON"),
("GRASS","FLYING"),
("GRASS","POISON"),
("GRASS","BUG"),
("GRASS","STEEL"),
("GRASS","FIRE"),
("GRASS","GRASS"),
("GRASS","DRAGON"),
("ELECTR","GROUND"),
("ELECTR","GRASS"),
("ELECTR","ELECTR"),
("ELECTR","DRAGON"),
("PSYCHC","STEEL"),
("PSYCHC","PSYCHC"),
("PSYCHC","DARK"),
("ICE","STEEL"),
("ICE","WATER"),
("ICE","FIRE"),
("ICE","ICE"),
("DRAGON","STEEL"),
("DRAGON","FAIRY"),
("FAIRY","POISON"),
("FAIRY","STEEL"),
("FAIRY","FIRE"),
("DARK","FIGHTING"),
("DARK","DARK"),
("DARK","FAIRY");
CREATE TABLE resistant_to (
	TYPE CHAR(60),
	TYPE2 CHAR(60)
);
INSERT INTO resistant_to VALUES ("NORMAL","GHOST"),
("FIGHTING","ROCK"),
("FIGHTING","BUG"),
("FIGHTING","DARK"),
("FLYING","FIGHTING"),
("FLYING","GROUND"),
("FLYING","BUG"),
("FLYING","GRASS"),
("POISON","FIGHTING"),
("POISON","POISON"),
("POISON","GRASS"),
("POISON","FAIRY"),
("GROUND","POISON"),
("GROUND","ROCK"),
("GROUND","ELECTR"),
("ROCK","NORMAL"),
("ROCK","FLYING"),
("ROCK","POISON"),
("ROCK","FIRE"),
("BUG","FIGHTING"),
("BUG","GROUND"),
("BUG","GRASS"),
("GHOST","NORMAL"),
("GHOST","FIGHTING"),
("GHOST","POISON"),
("GHOST","BUG"),
("STEEL","NORMAL"),
("STEEL","FLYING"),
("STEEL","POISON"),
("STEEL","ROCK"),
("STEEL","BUG"),
("STEEL","STEEL"),
("STEEL","GRASS"),
("STEEL","PSYCHC"),
("STEEL","ICE"),
("STEEL","DRAGON"),
("STEEL","FAIRY"),
("FIRE","BUG"),
("FIRE","STEEL"),
("FIRE","FIRE"),
("FIRE","GRASS"),
("FIRE","ICE"),
("WATER","STEEL"),
("WATER","FIRE"),
("WATER","WATER"),
("WATER","ICE"),
("GRASS","GROUND"),
("GRASS","WATER"),
("GRASS","GRASS"),
("GRASS","ELECTR"),
("ELECTR","FLYING"),
("ELECTR","STEEL"),
("ELECTR","ELECTR"),
("PSYCHC","FIGHTING"),
("PSYCHC","PSYCHC"),
("ICE","ICE"),
("DRAGON","FIRE"),
("DRAGON","WATER"),
("DRAGON","GRASS"),
("DRAGON","ELECTR"),
("FAIRY","FIGHTING"),
("FAIRY","BUG"),
("FAIRY","DRAGON"),
("FAIRY","DARK"),
("DARK","GHOST"),
("DARK","PSYCHC"),
("DARK","DARK");
CREATE TABLE vulnerable_to (
	TYPE CHAR(60),
	TYPE2 CHAR(60)
);
INSERT INTO vulnerable_to VALUES ("NORMAL","FIGHTING"),
("FIGHTING","FLYING"),
("FIGHTING","PSYCHC"),
("FIGHTING","FAIRY"),
("FLYING","ROCK"),
("FLYING","ELECTR"),
("FLYING","ICE"),
("POISON","GROUND"),
("POISON","PSYCHC"),
("GROUND","WATER"),
("GROUND","GRASS"),
("GROUND","ICE"),
("ROCK","FIGHTING"),
("ROCK","GROUND"),
("ROCK","STEEL"),
("ROCK","WATER"),
("ROCK","GRASS"),
("BUG","FLYING"),
("BUG","ROCK"),
("BUG","FIRE"),
("GHOST","GHOST"),
("GHOST","DARK"),
("STEEL","FIGHTING"),
("STEEL","GROUND"),
("STEEL","FIRE"),
("FIRE","GROUND"),
("FIRE","ROCK"),
("FIRE","WATER"),
("WATER","GRASS"),
("WATER","ELECTR"),
("GRASS","FLYING"),
("GRASS","POISON"),
("GRASS","BUG"),
("GRASS","FIRE"),
("GRASS","ICE"),
("ELECTR","GROUND"),
("PSYCHC","BUG"),
("PSYCHC","GHOST"),
("PSYCHC","DARK"),
("ICE","FIGHTING"),
("ICE","ROCK"),
("ICE","STEEL"),
("ICE","FIRE"),
("DRAGON","ICE"),
("DRAGON","DRAGON"),
("DRAGON","FAIRY"),
("FAIRY","POISON"),
("FAIRY","STEEL"),
("DARK","FIGHTING"),
("DARK","BUG"),
("DARK","FAIRY");